id;title;description;due_date;completed
1;pish moral queasily;improve against attached;2024-08-18;false
2;at eventually if;upwardly moan;2024-08-19;false
3;lest now hence;dibble seed lopsided;2024-08-18;false
4;pace beside compulsion;pish prickly;2024-08-19;true
5;highball till pro;semicolon more;2024-08-18;false
6;mechanically past separation;questionably phooey;2024-08-18;true
7;woeful incidentally;phooey;2024-08-18;false
8;boo consequently disclosure;introduction if;2024-08-19;false
9;restring reformat meanwhile;neurobiologist;2024-08-18;false
10;onto;recent amidst;2024-08-18;false
